team_name,player_name,age,nationality,potential_goals_per_game,physicality,image_path,data_source,photo_source
Arsenal,Viktor Gyökeres,28,Sweden,0.75,3,/images/players/arsenal/viktor_gyokeres.png,2025-26 PL (rescaled),premierleague.com
Arsenal,Bukayo Saka,25,England,0.49,3,/images/players/arsenal/bukayo_saka.png,2025-26 PL (rescaled),premierleague.com
Arsenal,Kai Havertz,27,Germany,0.37,1,/images/players/arsenal/kai_havertz.png,2025-26 PL (rescaled),premierleague.com
Arsenal,Noni Madueke,24,England,0.25,3,/images/players/arsenal/noni_madueke.png,2025-26 PL (rescaled),premierleague.com
Arsenal,Max Dowman,16,England,0.25,1,/images/players/arsenal/max_dowman.svg,2025-26 PL (rescaled),generated avatar
Arsenal,Christos Tzolis,24,Greece,0.54,3,/images/players/arsenal/christos_tzolis.png,estimated,premierleague.com
Man City,Erling Haaland,26,Norway,1.3,3,/images/players/man_city/erling_haaland.png,2025-26 PL (rescaled),premierleague.com
Man City,Antoine Semenyo,26,Ghana,0.86,3,/images/players/man_city/antoine_semenyo.png,2025-26 PL (rescaled),premierleague.com
Man City,Iliman Ndiaye,26,Senegal,0.44,3,/images/players/man_city/iliman_ndiaye.png,2025-26 PL (rescaled),premierleague.com
Man City,Jeremy Doku,24,Belgium,0.4,3,/images/players/man_city/jeremy_doku.png,2025-26 PL (rescaled),premierleague.com
Man City,Allan,22,Brazil,0.49,2,/images/players/man_city/allan.jpg,estimated,Wikimedia Commons (CC BY-SA 4.0)
Man City,Ryan McAidoo,18,England,0.46,2,/images/players/man_city/ryan_mcaidoo.svg,estimated,generated avatar
Man United,Benjamin Šeško,23,Slovenia,0.67,3,/images/players/man_united/benjamin_sesko.jpg,2025-26 PL (rescaled),Wikimedia Commons (CC BY-SA 4.0)
Man United,Bryan Mbeumo,27,Cameroon,0.66,3,/images/players/man_united/bryan_mbeumo.png,2025-26 PL (rescaled),premierleague.com
Man United,Matheus Cunha,27,Brazil,0.6,3,/images/players/man_united/matheus_cunha.png,2025-26 PL (rescaled),premierleague.com
Man United,Patrick Dorgu,21,Denmark,0.37,2,/images/players/man_united/patrick_dorgu.png,2025-26 PL (rescaled),premierleague.com
Man United,Amad Diallo,24,Ivory Coast,0.25,3,/images/players/man_united/amad_diallo.png,2025-26 PL (rescaled),premierleague.com
Man United,Joshua Zirkzee,25,Netherlands,0.25,3,/images/players/man_united/joshua_zirkzee.png,2025-26 PL (rescaled),premierleague.com
Aston Villa,Tammy Abraham,28,England,0.37,1,/images/players/aston_villa/tammy_abraham.png,2025-26 PL (rescaled),premierleague.com
Aston Villa,Alejandro Garnacho,22,Argentina,0.2,3,/images/players/aston_villa/alejandro_garnacho.png,2025-26 PL (rescaled),premierleague.com
Aston Villa,Nicolas Jackson,25,Senegal,0.34,3,/images/players/aston_villa/nicolas_jackson.png,estimated,premierleague.com
Aston Villa,Alysson,20,Brazil,0.34,3,/images/players/aston_villa/alysson.svg,estimated,generated avatar
Aston Villa,Ibrahim M'Baye,18,Senegal,0.6,2,/images/players/aston_villa/ibrahim_m_baye.jpg,estimated,Wikimedia Commons (CC BY-SA 4.0)
Aston Villa,Brian Madjo,17,Luxembourg,0.49,2,/images/players/aston_villa/brian_madjo.jpg,estimated,Wikimedia Commons (CC BY 4.0)
Liverpool,Hugo Ekitike,24,France,0.73,2,/images/players/liverpool/hugo_ekitike.jpg,2025-26 PL (rescaled),Wikimedia Commons (CC BY-SA 4.0)
Liverpool,Cody Gakpo,27,Netherlands,0.44,3,/images/players/liverpool/cody_gakpo.png,2025-26 PL (rescaled),premierleague.com
Liverpool,Alexander Isak,26,Sweden,0.44,1,/images/players/liverpool/alexander_isak.png,2025-26 PL (rescaled),premierleague.com
Liverpool,Federico Chiesa,28,Italy,0.25,3,/images/players/liverpool/federico_chiesa.png,2025-26 PL (rescaled),premierleague.com
Liverpool,Rio Ngumoha,18,England,0.23,3,/images/players/liverpool/rio_ngumoha.jpg,2025-26 PL (rescaled),Wikimedia Commons (CC0)
Liverpool,Bradley Barcola,24,France,0.57,2,/images/players/liverpool/bradley_barcola.jpg,estimated,Wikimedia Commons (CC BY-SA 4.0)
Bournemouth,Eli Kroupi,20,France,0.67,3,/images/players/bournemouth/eli_kroupi.jpg,2025-26 PL (rescaled),Wikimedia Commons (CC BY-SA 4.0)
Bournemouth,Rayan,20,Brazil,0.66,1,/images/players/bournemouth/rayan.jpg,2025-26 PL (rescaled),Wikimedia Commons (CC BY-SA 4.0)
Bournemouth,Evanilson,26,Brazil,0.41,3,/images/players/bournemouth/evanilson.png,2025-26 PL (rescaled),premierleague.com
Bournemouth,Amine Adli,26,Morocco,0.28,3,/images/players/bournemouth/amine_adli.jpg,2025-26 PL (rescaled),Wikimedia Commons (CC0)
Bournemouth,David Brooks,29,Wales,0.2,3,/images/players/bournemouth/david_brooks.png,2025-26 PL (rescaled),premierleague.com
Bournemouth,Daniel Jebbison,23,Canada,0.31,3,/images/players/bournemouth/daniel_jebbison.png,estimated,premierleague.com
Sunderland,Brian Brobbey,24,Netherlands,0.48,3,/images/players/sunderland/brian_brobbey.jpg,2025-26 PL (rescaled),Wikimedia Commons (CC BY 2.0)
Sunderland,Wilson Isidor,26,Haiti,0.41,3,/images/players/sunderland/wilson_isidor.jpg,2025-26 PL (rescaled),Wikimedia Commons (CC BY-SA 3.0)
Sunderland,Chemsdine Talbi,21,Morocco,0.35,3,/images/players/sunderland/chemsdine_talbi.jpg,2025-26 PL (rescaled),Wikimedia Commons (CC BY-SA 4.0)
Sunderland,Romaine Mundle,23,England,0.46,2,/images/players/sunderland/romaine_mundle.jpg,estimated,Wikimedia Commons (CC BY 4.0)
Sunderland,Malick Fofana,21,Belgium,0.25,2,/images/players/sunderland/malick_fofana.png,estimated,Wikimedia Commons (CC0)
Sunderland,Nilson Angulo,23,Ecuador,0.48,2,/images/players/sunderland/nilson_angulo.jpg,estimated,Wikimedia Commons (CC BY-SA 4.0)
Brighton Hove,Kaoru Mitoma,29,Japan,0.34,2,/images/players/brighton_hove/kaoru_mitoma.png,2025-26 PL (rescaled),premierleague.com
Brighton Hove,Stefanos Tzimas,20,Greece,0.29,1,/images/players/brighton_hove/stefanos_tzimas.svg,2025-26 PL (rescaled),generated avatar
Brighton Hove,Georginio Rutter,24,France,0.28,3,/images/players/brighton_hove/georginio_rutter.png,2025-26 PL (rescaled),premierleague.com
Brighton Hove,Yankubah Minteh,22,Gambia,0.28,3,/images/players/brighton_hove/yankubah_minteh.png,2025-26 PL (rescaled),premierleague.com
Brighton Hove,Charalampos Kostoulas,19,Greece,0.26,2,/images/players/brighton_hove/charalampos_kostoulas.jpg,2025-26 PL (rescaled),Wikimedia Commons (CC0)
Brighton Hove,Evan Ferguson,21,Ireland,0.28,2,/images/players/brighton_hove/evan_ferguson.png,estimated,premierleague.com
Brentford,Thiago,25,Brazil,1.04,3,/images/players/brentford/thiago.png,2025-26 PL (rescaled),premierleague.com
Brentford,Kevin Schade,24,Germany,0.51,3,/images/players/brentford/kevin_schade.png,2025-26 PL (rescaled),premierleague.com
Brentford,Dango Ouattara,24,Burkina Faso,0.49,3,/images/players/brentford/dango_ouattara.png,2025-26 PL (rescaled),premierleague.com
Brentford,Jaidon Anthony,26,England,0.48,3,/images/players/brentford/jaidon_anthony.png,2025-26 PL (rescaled),premierleague.com
Brentford,Callum Wilson,34,England,0.44,3,/images/players/brentford/callum_wilson.png,2025-26 PL (rescaled),premierleague.com
Brentford,Gustavo Gomes,20,Brazil,0.52,1,/images/players/brentford/gustavo_gomes.png,estimated,premierleague.com
Chelsea,João Pedro,24,Brazil,0.81,3,/images/players/chelsea/joao_pedro.png,2025-26 PL (rescaled),premierleague.com
Chelsea,Danny Welbeck,35,England,0.69,3,/images/players/chelsea/danny_welbeck.png,2025-26 PL (rescaled),premierleague.com
Chelsea,Pedro Neto,26,Portugal,0.38,3,/images/players/chelsea/pedro_neto.png,2025-26 PL (rescaled),premierleague.com
Chelsea,Estevao,19,Brazil,0.28,2,/images/players/chelsea/estevao.jpg,2025-26 PL (rescaled),Wikimedia Commons (CC BY-SA 4.0)
Chelsea,Emanuel Emegha,23,Netherlands,0.54,3,/images/players/chelsea/emanuel_emegha.jpg,estimated,Wikimedia Commons (CC BY-SA 4.0)
Chelsea,Jamie Bynoe-Gittens,22,England,0.44,1,/images/players/chelsea/jamie_bynoe_gittens.svg,estimated,generated avatar
